"codon_position","entropy"
1,0
2,0
3,0
4,0
5,0
6,0
7,0
8,0
9,0
10,0.797584679824574
11,0
12,1.80200778260049
13,0.772558571308465
14,1.03665874809535
15,1.5270078865364
16,0.721928094887362
17,0.16866093149667
18,0.16866093149667
19,0.453183731680584
20,1.1262976257252
21,0
22,0.16866093149667
23,0
24,0
25,0
26,0.16866093149667
27,0
28,0
29,0.16866093149667
30,0
31,0.16866093149667
32,0
33,0
34,0
35,1.36596144792851
36,0.16866093149667
37,1.1991459056025
38,0.16866093149667
39,0
40,0
41,0.841430758862552
42,0
43,0.550123406035194
44,0
45,0.543564443199596
46,0
47,0
48,0
49,0
50,0
51,0
52,0
53,0
54,0
55,0.16866093149667
56,0
57,1.24943549850473
58,0.16866093149667
59,0
60,0
61,0
62,0.336396957115956
63,2.60305590733328
64,1.22515703850773
65,0.16866093149667
66,0
67,0.820061934555718
68,0.16866093149667
69,0.453183731680584
70,0.820061934555718
71,0
72,0.71493326750643
73,0
74,0.16866093149667
75,0
76,0
77,0.16866093149667
78,0
79,0
80,0
81,0
82,0.468995593589281
83,0
84,0
85,0
86,0
87,0.16866093149667
88,0
89,0.71493326750643
90,0
91,0
92,0
93,0.336396957115956
94,0
95,0
96,0
97,0
98,0
99,0
100,0
101,0
102,0
103,0.16866093149667
104,0.16866093149667
105,1.15677964944704
106,0
107,0
108,0
109,0
110,0.286396957115956
111,0
112,0
113,0
114,0
115,0
116,0.16866093149667
117,0
118,0
119,0.772558571308465
120,0.721928094887362
121,0
122,0
123,0
124,0.16866093149667
125,0
126,0.16866093149667
127,0.503183731680584
128,0
129,0
130,0
131,0.833805455060517
132,0
133,0
134,2.05836325785422
135,0.453183731680584
136,0
137,0
138,1.36899559358928
139,0.384311544126497
140,0
141,0
142,0.16866093149667
143,0
144,0
145,0.336396957115956
146,0
147,0
148,0.286396957115956
149,0
150,0
151,0
152,0
153,0
154,0
155,0
156,0
157,0
158,0
159,1.3049201523582
160,0
161,0
162,0
163,0.336396957115956
164,0.16866093149667
165,0.286396957115956
166,0.336396957115956
167,0.633805455060517
168,0.828712492270487
169,1.04143075886255
170,0
171,0
172,0
173,1.02192809488736
174,0.16866093149667
175,0
176,0
177,0
178,0
179,0
180,0
181,0
182,0
183,0
184,0
185,0
186,0
187,0.336396957115956
188,0
189,0.286396957115956
190,0
191,0
192,0
193,0
194,0
195,0
196,0
197,0.733805455060517
198,0
199,0.16866093149667
200,0.960302946416638
201,0.633805455060517
202,1.72838982472352
203,0
204,0
205,1.19354652412252
206,0
207,0.66493326750643
208,0.16866093149667
209,0
210,0.16866093149667
211,0
212,0
213,0
214,0.6098403047164
215,0
216,0
217,0
218,0
219,0
220,1.40576246826476
221,1.39314621334743
222,1.72160051015808
223,0
224,0
225,0
226,0
227,0
228,0
229,0
230,0
231,0
232,0
233,0.336396957115956
234,2.03149632952868
235,0
236,0
237,0.669015835056558
238,0.503183731680584
239,0
240,0
241,0.568995593589281
242,0
243,0
244,0
245,0
246,0
247,0
248,0
249,0
250,0
251,0
252,0
253,0
254,0
255,0
256,0
257,0
258,0
259,0
260,0
261,1.79296520748558
262,0.286396957115956
263,0
264,0
265,0.453183731680584
266,0.16866093149667
267,0
268,0.733805455060517
269,0
270,0.336396957115956
271,0.336396957115956
272,2.40336998434873
273,1.02192809488736
274,0
275,0
276,0.550123406035194
277,1.29662035053287
278,1.72927696441724
279,0
280,0.384311544126497
281,0
282,0
283,1.3049201523582
284,0
285,0.16866093149667
286,0
287,0.16866093149667
288,0.550123406035194
289,0.820061934555718
290,0.16866093149667
291,0.16866093149667
292,0
293,0.16866093149667
294,0.453183731680584
295,0.286396957115956
296,0.336396957115956
297,0
298,0.16866093149667
299,1.61951797627816
300,0
301,1.18837637173451
302,0.16866093149667
303,0.503183731680584
304,0
305,0.384311544126497
306,1.34077867400487
307,0
308,0
309,0.286396957115956
310,1.69773092211916
311,0
312,0
313,1.31823706175873
314,0.453183731680584
315,0
316,0
317,0.286396957115956
318,0.568995593589281
319,0
320,0.286396957115956
321,0
322,0
323,0.286396957115956
324,0.550123406035194
325,0
326,0.336396957115956
327,0.503183731680584
328,0
329,0.286396957115956
330,0
331,0
332,0
333,0.16866093149667
334,0
335,0
336,0.16866093149667
337,0.336396957115956
338,0
339,0.16866093149667
340,0
341,0
342,0
343,0
344,0
345,0
346,0
347,0
348,0
349,0
350,0
351,0
352,0
353,0
354,0
355,0
356,0
357,0
358,0
359,0
360,0
361,0
362,0
363,0
364,0
365,0
366,0
367,0
368,0
369,0
370,0
371,0
372,0
373,0
374,0.550123406035194
375,0.453183731680584
376,0.16866093149667
377,1.14989187341987
378,0
379,0.618995593589281
380,0.707343667963654
381,1.086943753558
382,0
383,0.828712492270487
384,1.95482052160231
385,0
386,0.16866093149667
387,0.882425954337534
388,0.384311544126497
389,0.550123406035194
390,0.921928094887362
391,0
392,0
393,0.828712492270487
394,0.16866093149667
395,0
396,0.783805455060517
397,0
398,0.16866093149667
399,0.16866093149667
400,1.03168708302644
401,0.820061934555718
402,0.618995593589281
403,1.7604473769553
404,1.03689028071067
405,0.16866093149667
406,0
407,0.16866093149667
408,0.881290899230693
409,0
410,0.983708262623186
411,1.10305590733328
412,0
413,0
414,0.550123406035194
415,0.286396957115956
416,0.336396957115956
417,1.74689437989732
418,0
419,0.453183731680584
420,0.336396957115956
421,0.286396957115956
422,0
423,0.820061934555718
424,0
425,0.633805455060517
426,0.16866093149667
427,0
428,0
429,1.04176014818097
430,0.747584679824574
431,0
432,0.991138842977453
433,0.16866093149667
434,0
435,0.960302946416638
436,0
437,0
438,0.811278124459133
439,0
440,0.991760148180973
441,0.721928094887362
442,0.568995593589281
443,0.453183731680584
444,1.51635973346998
445,1.58547942420667
446,2.27658965668423
447,1.35087747457532
448,0.286396957115956
449,0
450,0.772558571308465
451,0
452,0.16866093149667
453,0.336396957115956
454,0.16866093149667
455,0.468995593589281
456,1.40563906222957
457,1.03665874809535
458,0.16866093149667
459,0
460,0.550123406035194
461,1.2040157730728
462,1.37109191956694
463,0
464,0.16866093149667
465,0.384311544126497
466,0.16866093149667
467,0.618995593589281
468,1.22878974039712
469,1.7129014136159
470,0
471,0
472,1.19642639541631
473,1.80940127745614
474,2.05869496956284
475,0.16866093149667
476,0.747584679824574
477,0.16866093149667
478,0.453183731680584
479,0.336396957115956
480,0.633805455060517
481,0
482,0.16866093149667
483,0.721928094887362
484,0.841430758862552
485,1.25965086155895
486,0.336396957115956
487,0.543564443199596
488,0
489,0.16866093149667
490,0.16866093149667
491,2.57838982472352
492,1.03160084926681
493,0.453183731680584
494,0.16866093149667
495,0.910302946416638
496,2.30305590733328
497,0.928527022856453
498,1.79773092211916
499,1.42660989815151
500,0.721928094887362
501,0.503183731680584
502,0.707343667963654
503,0
504,0
505,0
506,1.08101968586579
507,1.82386546105958
508,2.41331441255332
509,1.04176014818097
510,1.04468157922936
511,0
512,0
513,0.453183731680584
514,0.336396957115956
515,0
516,0.16866093149667
517,0
518,1.08101968586579
519,0
520,1.00543595432178
521,0
522,0
523,0.16866093149667
524,1.18129089923069
525,0.286396957115956
526,0.71493326750643
527,0
528,0.286396957115956
529,1.3152985829704
530,0.16866093149667
531,0.336396957115956
532,0.286396957115956
533,0.453183731680584
534,1.0639993696998
535,1.34930209359882
536,1.04176014818097
537,1.73875868091501
538,1.66461775280326
539,1.30882408779853
540,1.75605206116699
541,0.286396957115956
542,0
543,0.453183731680584
544,1.1668750678823
545,0
546,0.550123406035194
547,0.453183731680584
548,0
549,0.16866093149667
550,1.20579599680139
551,0
552,0
553,0.503183731680584
554,0
555,0.16866093149667
556,0
557,0
558,0.16866093149667
559,0.6098403047164
560,0
561,0
562,0
563,0
564,0
565,0
566,0.747584679824574
567,0.16866093149667
568,0
569,0
570,0.934068055375491
571,0.16866093149667
572,0.618995593589281
573,0.453183731680584
574,0.16866093149667
575,0.16866093149667
576,1.39350684337293
577,1.27879426247795
578,0.633805455060517
579,0
580,1.51451503765427
581,0.16866093149667
582,0
583,0.453183731680584
584,0
585,0.669015835056558
586,0
587,0
588,0.336396957115956
589,0.16866093149667
590,0.848548178294616
591,0.16866093149667
592,0.336396957115956
593,0
594,0
595,1.1262976257252
596,0
597,0
598,0
599,0.384311544126497
600,0.16866093149667
601,0
602,0
603,0
604,0
605,0.848548178294616
606,1.3491459056025
607,0
608,0.16866093149667
609,0
610,0
611,0
612,0
613,0.16866093149667
614,1.00543595432178
615,0
616,0
617,0
618,0
619,0
620,0
621,0.286396957115956
622,0.721928094887362
623,0.633805455060517
624,0
625,0.884183719779189
626,0.981687083026442
627,0.733805455060517
628,0.71493326750643
629,0.286396957115956
630,0.6098403047164
631,1.6629014136159
632,0.66493326750643
633,0.884183719779189
634,0.969409849698032
635,1.23616025437381
636,1.03689028071067
637,0.468995593589281
638,0.550123406035194
639,0.16866093149667
640,0
641,0.707343667963654
642,0.66493326750643
643,0.384311544126497
644,0.550123406035194
645,0.16866093149667
646,0
647,0.453183731680584
648,0.16866093149667
649,0
650,0
651,0
652,0.286396957115956
653,0.286396957115956
654,0
655,0
656,0
657,0.453183731680584
658,0.830640983527282
659,0
660,0.468995593589281
661,0
662,0.7598403047164
